record_id,first_name,last_name,address,email_address,product_sku,product_quantity
934653,Kim,Hogan,"0391 Robert Manor Apt. 865, Tracyland, IN 92005",andrew16@example.com,4898,3
334676,Gregory,Potts,"USS Hardin, FPO AP 91694",lpatterson@example.org,8530,2
592644,Hannah,Estes,"36284 Atkinson Mount, North Justinside, NV 29607",charlesthompson@example.com,1909,2
716513,Grace,Martin,"PSC 5785, Box 5934, APO AE 28606",melissa20@example.com,7202,1
177680,Lauren,Jones,"905 Esparza Greens, New Tracy, CO 27093",sarahgomez@example.net,1533,10
345857,Melissa,Kent,"4678 Guerrero Heights Suite 339, Williamfort, WI 36018",rodney92@example.org,9289,5
877491,Tina,Chaney,"1086 Freeman Vista Suite 038, Sullivanport, NC 90473",fclements@example.org,3179,10
325273,Kaylee,Hendrix,"710 Maurice Oval, North Michaelfort, MS 65477",huntershelby@example.net,9297,6
732850,Leslie,Robinson,"24401 Walker Squares, Jamesburgh, NM 52561",milesrobert@example.com,1520,10
160100,Robert,Hernandez,"USNV Rush, FPO AE 51781",qarnold@example.com,4569,4
668851,Jeffery,Brown,"00717 Gabriel Plaza Apt. 026, Castillomouth, TX 51589",carolyn83@example.org,4260,7
625501,Karen,Woods,"7924 Mcfarland Way Apt. 220, Port Charlenehaven, MP 92951",marquezderek@example.net,7370,6
779110,Christian,Gonzalez,"723 Crane Point, Port Markview, WI 58846",johnsoncynthia@example.org,5138,3
994390,Laura,Hernandez,"007 Atkins Fort Apt. 238, New Conniefort, RI 21920",loganboyd@example.com,4324,1
992609,Ann,Mclaughlin,"84977 Freeman Centers, Port Kimberlyville, NH 24776",ryan77@example.com,4443,6
789303,Jacob,Marquez,"Unit 8854 Box 2443, DPO AE 41301",jromero@example.net,3692,9
388827,Lisa,Mathis,"4931 Thomas Manor, Kelseyview, FM 67502",shermanjoshua@example.org,6056,4
694209,Linda,Nash,"503 Linda Lock Suite 222, East Christianside, OH 58414",denise47@example.org,5975,9
679092,Bryan,Anderson,"763 Mitchell Rapids, Port Lesliemouth, ID 54959",thomasnelson@example.net,3224,8
574256,Joshua,Chavez,"9282 Robert Plains Apt. 460, Cameronshire, PA 71227",fieldsterri@example.net,6895,1
320651,Barbara,Johnson,"88854 Christopher Landing Suite 821, New Juliamouth, RI 24217",jillian46@example.net,4154,5
954191,Thomas,Lopez,"759 Angela Island, Loweberg, MI 10240",alyssapowell@example.net,8315,9
257011,Kelly,Benitez,"4999 Deborah Union Apt. 669, New Gabriel, SC 78172",higginscharles@example.net,6812,9
308220,Elizabeth,Chavez,"68288 Lisa Corner Apt. 182, Steintown, VA 46631",qflowers@example.net,3568,1
659830,Drew,Carter,"Unit 5214 Box 4871, DPO AA 53195",linda13@example.com,6981,6
540347,Jennifer,Vargas,"42001 Huber Cliffs Apt. 885, South Michael, WI 30872",bowenapril@example.net,2409,7
325375,Stephanie,Ruiz,"Unit 6642 Box 0074, DPO AA 28438",kleinmargaret@example.com,2062,1
559032,Kevin,Mills,"08461 Gallegos Views Suite 261, North Tylerchester, OK 92413",randall94@example.net,3523,7
498076,Annette,White,"054 Nelson Fall, West David, VA 50290",wsanders@example.org,8032,9
768959,Kevin,Hill,"62136 Allen Common Suite 964, Dustinton, ID 84432",moorechristopher@example.com,7198,2
520610,Kenneth,Lane,"224 Sharon Roads, Lake Chelsea, WA 68036",alexacox@example.net,9615,5
834762,Christopher,Anderson,"4279 Hernandez Island Suite 858, Port Christinetown, CO 20572",matthewmaldonado@example.com,3943,9
746921,Craig,Johnson,"0264 Ashley Bypass Suite 602, Jamesfurt, SC 21768",smithtami@example.net,3233,7
739712,Kayla,Carr,"Unit 1836 Box 5884, DPO AA 24879",jenniferjohnson@example.net,5545,9
835092,Jessica,Gray,"007 Bailey Union Suite 998, South William, RI 37463",martinnicholas@example.net,9489,5
424861,Emily,Rodriguez,"8243 Browning Village Suite 398, South Erikaside, PA 16418",paula14@example.org,3249,3
437837,Michael,Jones,"17951 Livingston Brooks Suite 049, Holmesmouth, GA 17928",rrodgers@example.com,9492,5
276571,Rebecca,Gordon,"57642 Dawson Gateway Suite 178, Reevesmouth, CT 04676",hailey24@example.com,1857,5
571703,Michael,Peterson,"414 Nguyen Bridge, North Veronicashire, NM 39372",justin47@example.net,6518,7
213598,Cynthia,Green,"073 Hall Vista Suite 839, East Richard, MA 67084",nbruce@example.net,5497,7
657140,Darrell,Reed,"8319 Joe Crossing, West Danielfort, IA 96993",smithdawn@example.org,6425,8
972481,Brittany,Davis,"261 Miller Rapid, South Josephmouth, GU 28496",staffordsarah@example.org,3395,9
548784,Courtney,Moore,"14746 Andrew Gateway Apt. 512, Lake Kylemouth, PR 33737",nicholsronald@example.com,4823,1
490353,Jennifer,Vaughan,"5007 Johnson Lake, Michelletown, MS 38736",garrettmichael@example.com,6449,10
535295,James,Silva,"4473 Johnny Brooks, Wesleyshire, VA 83932",fmiller@example.com,4069,8
701040,Destiny,Leonard,"542 Matthew Overpass, Luisberg, TN 08289",johnsjacqueline@example.org,1644,5
350995,John,Gray,"2276 Gutierrez Point, Pearsonmouth, NJ 16643",mhorton@example.com,5563,7
950764,Carlos,Flowers,"84146 Amy Streets Apt. 417, Lake Raymond, NJ 27213",megancampbell@example.com,7316,10
909890,Andrew,Rivera,"8618 Audrey Parkway Apt. 327, Dustinshire, NJ 85650",nicolemurray@example.org,9635,9
899843,Christopher,Robinson,"797 Kenneth Branch, New Rickhaven, PW 68056",amanda96@example.net,4753,10
654390,Thomas,Mosley,"248 Stanley Village Apt. 217, Lake Benjaminshire, PR 46074",michelledunn@example.com,9434,3
389957,Mark,Curtis,"8529 Charles Plaza, Shawnchester, OH 37889",hallkevin@example.com,7986,10
816867,Joshua,Gordon,"377 Craig Lodge, Port Paulashire, SD 58492",alexander38@example.net,6586,7
947253,Dwayne,Romero,"940 Frazier Land Apt. 365, New Willieshire, TN 93921",james11@example.com,8450,6
637209,Melissa,Peterson,"79115 Hughes Springs, West Joseph, AL 64104",johnnycain@example.net,8733,9
660621,Bethany,Owen,"Unit 6510 Box 2712, DPO AE 15713",kwoods@example.net,1856,1
306412,Matthew,Shah,"3993 Grant Canyon, Oliverborough, AK 37426",michael03@example.com,4177,4
891648,Stacey,Clark,"4383 Daniel Oval, Brownhaven, RI 25423",mcintoshandrew@example.net,4319,2
843422,David,Mills,"163 Lydia Fields, Ethanton, ND 22190",melissajoyce@example.net,5852,3
399339,Danielle,Abbott,"0488 Gerald Pass Apt. 997, Robertfort, SC 65669",bradleymary@example.org,2768,5
163084,Jennifer,Garcia,"7724 Marcus Wall Apt. 219, Maryshire, CT 47242",ppollard@example.com,7646,1
797694,Robert,Brown,"55918 Karla Burg, Melaniebury, CO 55625",charlesbrowning@example.org,5148,8
999717,Brandon,Lopez,"37070 Green Mission, New Brittney, DE 13213",hamptonandrew@example.org,3947,10
573065,Carl,Arias,"1676 Scott Divide Suite 404, New Tylerview, OR 80995",mcdonaldamy@example.org,1602,9
441421,Sarah,Haley,"382 Christopher Circle, Jamesstad, IA 03510",austinvillanueva@example.com,4235,9
429754,Daniel,Morgan,"0916 Turner Dale, Lake Williamshire, NV 36435",pmurray@example.org,2560,4
313967,Christopher,White,"47701 Beltran Route, West Brittanyhaven, ND 18029",xhanson@example.net,7030,3
305685,Jose,Tucker,"645 Daniel Courts, Livingstonfort, VI 15655",keith40@example.com,5187,1
468503,Kyle,Guzman,"364 Sherri Forks, New Nancy, PW 02597",joanhenderson@example.com,5573,4
523111,Roger,Rodriguez,"508 Hogan Turnpike Apt. 536, East David, NM 41965",markmarquez@example.org,8192,5
898915,Megan,Lowe,"4686 Barnes Circle, Milesview, VI 78440",michelle73@example.org,5162,4
335517,Marc,Reid,"137 Katherine Hills, East Anthonytown, NM 89261",chavezgreg@example.net,4398,3
463597,Joshua,Rice,"USNS Edwards, FPO AP 66182",ohall@example.com,7001,4
778876,Kyle,Wilson,"24930 Natasha Pike Apt. 038, Patelview, MD 29082",john73@example.org,2503,4
978494,Michelle,Medina,"26352 Vazquez Spurs Apt. 098, Warrenbury, NM 23995",colinclark@example.com,9853,5
476288,Brandon,Stewart,"998 Lopez Lane Suite 940, Paulmouth, IA 65197",hernandezian@example.org,4224,9
675230,Brian,Hansen,"9445 Jennifer Views, Parkhaven, DC 33450",kelly01@example.net,5264,9
858347,Jeffrey,Bond,"954 Roberts Place, South Daniel, MP 31816",bbell@example.com,8455,5
617793,Anna,Keller,"8799 Christine River, Davisport, MI 15940",john90@example.com,6719,7
881230,Mary,Flynn,"77071 Philip Walks, South Andrewfort, DE 76439",lopezmichael@example.com,9146,7
203067,Adam,Cabrera,"81149 Wilson Islands Suite 307, Laurabury, MO 38179",monicaespinoza@example.net,6394,2
404545,Penny,Jones,"99941 Chapman Island, Youngmouth, SD 85031",ejohnson@example.com,4420,10
778097,Colleen,Hall,"19969 Lee Heights Apt. 664, Donnashire, MS 26267",rrogers@example.net,2058,7
702382,Richard,Jefferson,"76061 Krystal Court, North Gabriellafurt, WI 13864",wendyfernandez@example.net,6166,10
891966,Jessica,Fuller,"69497 Mann Prairie Apt. 456, East Johnborough, FM 88550",preynolds@example.com,9075,2
897894,Matthew,Butler,"PSC 4913, Box 4633, APO AE 32379",lcastro@example.net,5158,5
505823,Alexander,Greene,"Unit 4355 Box 6598, DPO AP 15723",angela37@example.com,7299,9
441694,Javier,Spencer,"817 Mahoney Dale Suite 924, Allisonville, NV 16969",leonardernest@example.net,9182,6
950682,Joe,Brown,"253 Carl Knolls, South Joseph, NY 51190",xgarner@example.com,3070,5
177260,Holly,Delacruz,"5399 John Skyway Apt. 006, Port Douglas, AZ 24104",ryan92@example.org,8621,7
357039,Carlos,Bird,"683 Christine Lodge, Hoovermouth, VT 91703",pamela61@example.org,2401,3
786280,Kimberly,Richardson,"121 Darrell Tunnel, Jaimeport, KS 15066",colleen18@example.net,1120,10
840934,Stacey,Jones,"221 Monica Shore, South Sarah, IA 42911",ebonyarnold@example.net,4758,10
492803,Leah,Carson,"052 Shelly Corners Suite 806, Friedmanberg, OR 20892",zortiz@example.com,8016,1
568579,Katherine,Davies,"9035 Paul Loop, East Kyletown, DC 03481",stevenslarry@example.org,1503,6
864156,Jackie,Parsons,"688 Ryan Trace Suite 815, West Cynthiaport, CA 07969",thomas17@example.net,3697,10
682779,Elizabeth,Wright,"35973 Joseph Street Apt. 462, Normaburgh, PR 51451",hliu@example.org,2872,4
990940,Tyler,Powell,"1434 Huynh Vista Suite 407, East Sara, MT 86757",hodgepaul@example.com,1928,10
638035,Ryan,Romero,"12304 Pearson Glens Suite 023, Lake Derekmouth, WI 35406",kelli80@example.com,6564,10
294031,Willie,Smith,"5557 Karen Garden, East Chadburgh, HI 19782",william37@example.org,6263,3
